;Estatísticas;Média;Desvio Padrão;Máximo;Mínimo
0;Acurácia;0.9978720238095238;0.00041957952916284625;0.999702380952381;0.9970238095238095
1;Sensibilidade;0.9979575923232582;0.0004223528782701816;1.0;0.9957150508837708
2;Especificidade;0.9977662837797139;0.0006274814221678686;0.9993337774816788;0.9966666666666667
