;Estatísticas;Média;Desvio Padrão;Máximo;Mínimo
0;Acurácia;0.9834821428571427;0.0;0.9834821428571427;0.9834821428571427
1;Sensibilidade;0.9744217687074831;0.0;0.9744217687074831;0.9744217687074831
2;Especificidade;0.9905291005291005;0.0;0.9905291005291005;0.9905291005291005
