;Estatísticas;Média;Desvio Padrão;Máximo;Mínimo
0;Acurácia;0.9987380952380953;0.0003290541657401239;0.999702380952381;0.9970238095238095
1;Sensibilidade;0.9986941890875244;0.000474943187459341;1.0;0.9957127545551983
2;Especificidade;0.9987929327571392;0.0003612788588273178;0.9993337774816788;0.998
