;Modelo;Média;Desvio Padrão;Máximo;Mínimo
0;Médias Observáveis;0.18641706890635543;0.004949795737086471;0.2058359514067239;0.1721079308515804
1;OLS Tradicional;0.03507265012687596;0.0017047279312755559;0.040788746956062306;0.030236230137609454
2;Tikhonov;0.035072603315740795;0.001704779786876695;0.040787169534976096;0.03023645268967326
