;Modelo;Média;Desvio Padrão;Máximo;Mínimo
0;Médias Observáveis;0.18597619180511674;0.005147297150658536;0.20348943067371728;0.17122558785428516
1;OLS Tradicional;0.03520495042373245;0.001746298608707357;0.04278463682978504;0.029439096212883313
2;Tikhonov;0.03520514893997229;0.0017462556540813144;0.04278532764719742;0.02943798140669282
