;Modelo;Média;Desvio Padrão;Máximo;Mínimo
0;Médias Observáveis;0.18616526316070106;0.004679361224849601;0.19894530538576857;0.17099904315964995
1;OLS Tradicional;0.035129577749416316;0.0016942897878365077;0.04029245611618596;0.029357247798296782
2;Tikhonov;0.03512957603343497;0.0016943002677813949;0.04029033824264645;0.029357275809365292
