;Modelo;Média;Desvio Padrão;Máximo;Mínimo;Moda
0;OLS Tradicional;78.6772;0.9432254025417255;83.3;77.42999999999999;78.39 (3)
1;OLS Tikhonov (Regularizado);78.678;0.9443484526381138;83.3;77.42999999999999;78.39 (3)
2;K-NN;99.9014;0.03277254948886293;99.98;99.83;99.88 (16)
3;DMC;98.69080833333334;0.012875717347869573;98.72416666666666;98.6525;98.68 (5)
