;Estatísticas;Média;Desvio Padrão;Máximo;Mínimo
0;Acurácia;0.8023404010415014;0.03616020546428881;0.8496914658283852;0.715492331629251
