;Estatísticas;Média;Desvio Padrão;Máximo;Mínimo
0;Acurácia;0.967578125;0.012172215977252251;0.984375;0.9453125
