;Estatísticas;Média;Desvio Padrão;Máximo;Mínimo
0;Acurácia;0.98100454825366;0.01673327606586541;0.99527734375;0.9469962284482759
