;Estatísticas;Média;Desvio Padrão;Máximo;Mínimo
0;Acurácia;0.973046875;0.011178975016604831;0.9921875;0.953125
