;Estatísticas;Média;Desvio Padrão;Máximo;Mínimo
0;Acurácia;0.964453125;0.024640357481109626;0.9921875;0.8984375
