;Estatísticas;Média;Desvio Padrão;Máximo;Mínimo
0;Acurácia;0.7946617766911166;0.02674807146947431;0.8345558272208639;0.7489303178484108
