;Estatísticas;Média;Desvio Padrão;Máximo;Mínimo
0;Acurácia;0.7264374999999998;0.003368241690160213;0.759375;0.7260416666666667
1;Sensibilidade;0.7153631867103536;0.0025926714390128573;0.7407407407407407;0.7150595882990249
2;Especificidade;1.0;0.0;1.0;1.0
