;Estatísticas;Média;Desvio Padrão;Máximo;Mínimo
0;Acurácia;0.785398144032007;0.035266130120728274;0.8380195599022005;0.695265614581018
