;Estatísticas;Média;Desvio Padrão;Máximo;Mínimo
0;Acurácia;0.9556038294422882;0.03187007627045224;0.9780902777777777;0.7264682539682539
1;Sensibilidade;0.9510008855310957;0.029117943332183337;1.0;0.8641498881431766
2;Especificidade;0.9588355884431055;0.0676100298487158;0.9999742930591261;0.5114095744680851
