;Estatísticas;Média;Desvio Padrão;Máximo;Mínimo
0;Acurácia;0.9821840773809525;0.014338794361868398;0.9970238095238095;0.7380952380952381
1;Sensibilidade;0.9843944167346863;0.01329910329110084;1.0;0.8963855421686747
2;Especificidade;0.9812230227867381;0.030263727276671922;1.0;0.6294736842105263
