;Estatísticas;Média;Desvio Padrão;Máximo;Mínimo
0;Acurácia;0.96953125;0.013049447725382864;0.9921875;0.9375
